Date,Total_GB,PPI,CPI,EMP,AWE,IOP,CC-Barometer,seasonal_Jan,seasonal_Feb,seasonal_Mar,seasonal_Apr,seasonal_May,seasonal_Jun,seasonal_Jul,seasonal_Aug,seasonal_Sep,seasonal_Oct,seasonal_Nov,accounting_jan,diff_1,diff_12_1
1988-05-01,9.287571,60.2,49.5,70.7,164.2,73.1,0.2687731,0,0,0,0,1,0,0,0,0,0,0,0,,
1988-06-01,11.655445,60.1,49.7,70.8,166.6,73.4,-0.07505475,0,0,0,0,0,1,0,0,0,0,0,0,2.3678740000000005,
1988-07-01,9.774363,60.5,49.7,70.9,169.7,73.8,-0.06438097,0,0,0,0,0,0,1,0,0,0,0,0,-1.881082000000001,
1988-08-01,9.640467,60.7,49.9,71.1,168.7,74.5,-0.1181078,0,0,0,0,0,0,0,1,0,0,0,0,-0.13389600000000002,
1988-09-01,11.808897,60.7,50.1,71.3,168.9,75.3,-0.2364949,0,0,0,0,0,0,0,0,1,0,0,0,2.1684300000000007,
1988-10-01,10.046087,60.9,50.3,71.4,169.9,74.4,-0.1939545,0,0,0,0,0,0,0,0,0,1,0,0,-1.76281,
1988-11-01,10.947036,61.0,50.5,71.5,173.6,75.2,0.1295543,0,0,0,0,0,0,0,0,0,0,1,0,0.9009490000000007,
1988-12-01,17.132083,61.2,50.6,71.7,178.7,74.7,-0.3665956,-1,-1,-1,-1,-1,-1,-1,-1,-1,-1,-1,0,6.185047000000001,
1989-01-01,9.610446,61.9,50.8,71.9,175.4,75.1,-0.06493138,1,0,0,0,0,0,0,0,0,0,0,0,-7.521637000000002,
1989-02-01,9.489358,62.1,51.0,72.1,176.0,75.3,0.2057496,0,1,0,0,0,0,0,0,0,0,0,0,-0.1210880000000003,
1989-03-01,12.210515,62.4,51.2,72.3,181.1,74.3,-0.4538811,0,0,1,0,0,0,0,0,0,0,0,0,2.721157,
1989-04-01,10.002438,62.8,51.9,72.4,180.0,76.2,-0.08684773,0,0,0,1,0,0,0,0,0,0,0,0,-2.2080769999999994,
1989-05-01,10.239528,63.2,52.2,72.4,179.9,74.2,0.162981,0,0,0,0,1,0,0,0,0,0,0,0,0.23709000000000024,
1989-06-01,12.521506,63.2,52.3,72.5,182.6,74.2,-0.4230612,0,0,0,0,0,1,0,0,0,0,0,0,2.2819780000000005,-0.08589599999999997
1989-07-01,10.320244,63.2,52.3,72.5,184.6,74.4,0.1307257,0,0,0,0,0,0,1,0,0,0,0,0,-2.201262,-0.3201799999999988
1989-08-01,10.24563,63.3,52.4,72.6,184.5,76.0,0.06527752,0,0,0,0,0,0,0,1,0,0,0,0,-0.0746140000000004,0.05928199999999961
1989-09-01,12.723571,63.6,52.7,72.6,186.4,75.6,0.2718123,0,0,0,0,0,0,0,0,1,0,0,0,2.4779409999999995,0.30951099999999876
1989-10-01,10.672222,63.9,53.1,72.7,187.7,75.2,-0.8457553,0,0,0,0,0,0,0,0,0,1,0,0,-2.051349,-0.2885390000000001
1989-11-01,11.546046,64.1,53.3,72.8,189.3,75.8,0.1530971,0,0,0,0,0,0,0,0,0,0,1,0,0.8738240000000008,-0.027124999999999844
1989-12-01,18.331432,64.3,53.4,72.8,192.3,75.7,0.1419443,-1,-1,-1,-1,-1,-1,-1,-1,-1,-1,-1,0,6.785385999999999,0.6003389999999982
1990-01-01,10.353526,65.0,53.6,72.8,193.0,74.9,0.2725828,1,0,0,0,0,0,0,0,0,0,0,0,-7.977905999999999,-0.45626899999999715
1990-02-01,10.348983,65.0,54.0,72.8,195.8,74.4,-0.2935891,0,1,0,0,0,0,0,0,0,0,0,0,-0.004542999999999964,0.11654500000000034
1990-03-01,13.1789,65.4,54.2,72.8,197.5,75.5,-0.8397381,0,0,1,0,0,0,0,0,0,0,0,0,2.829917,0.10876000000000019
1990-04-01,10.895797,66.2,55.2,72.8,197.9,76.0,0.241957,0,0,0,1,0,0,0,0,0,0,0,0,-2.2831030000000005,-0.07502600000000115
1990-05-01,11.120556,66.4,55.7,72.8,199.8,75.5,-0.0329145,0,0,0,0,1,0,0,0,0,0,0,0,0.2247590000000006,-0.012330999999999648
1990-06-01,13.473117,66.3,55.9,72.8,204.6,76.6,0.1646267,0,0,0,0,0,1,0,0,0,0,0,0,2.3525609999999997,0.07058299999999917
1990-07-01,11.301103,66.4,55.8,72.8,206.5,74.8,0.2081844,0,0,0,0,0,0,1,0,0,0,0,0,-2.1720140000000008,0.029247999999999053
1990-08-01,10.991239,67.0,56.4,72.7,205.6,74.9,-0.05467155,0,0,0,0,0,0,0,1,0,0,0,0,-0.30986399999999925,-0.23524999999999885
1990-09-01,13.613687,67.8,57.0,72.6,204.7,74.5,-0.2188058,0,0,0,0,0,0,0,0,1,0,0,0,2.6224480000000003,0.14450700000000083
1990-10-01,11.289276,68.4,57.4,72.4,204.6,74.4,0.5591784,0,0,0,0,0,0,0,0,0,1,0,0,-2.3244110000000013,-0.27306200000000125
1990-11-01,12.058519,68.3,57.5,72.3,208.6,74.0,-0.2507762,0,0,0,0,0,0,0,0,0,0,1,0,0.7692430000000012,-0.10458099999999959
1990-12-01,19.213204,68.0,57.5,72.1,213.7,73.7,0.950973,-1,-1,-1,-1,-1,-1,-1,-1,-1,-1,-1,0,7.154685000000001,0.3692990000000016
1991-01-01,13.377254,68.6,57.4,71.9,211.0,73.5,-0.8445649,1,0,0,0,0,0,0,0,0,0,0,1,-5.83595,2.1419559999999986
1991-02-01,10.520308,68.7,57.7,71.7,213.3,73.5,0.1201198,0,1,0,0,0,0,0,0,0,0,0,0,-2.8569460000000007,-2.8524030000000007
1991-03-01,14.052199,68.1,57.9,71.5,214.3,72.7,0.6980403,0,0,1,0,0,0,0,0,0,0,0,0,3.531891,0.7019739999999999
1991-04-01,11.280904,67.9,59.9,71.2,214.8,71.7,0.06498764,0,0,0,1,0,0,0,0,0,0,0,0,-2.7712950000000003,-0.48819199999999974
1991-05-01,11.229194,68.4,60.3,71.0,216.0,72.6,-0.02164848,0,0,0,0,1,0,0,0,0,0,0,0,-0.05170999999999992,-0.2764690000000005
1991-06-01,14.191245,67.9,60.6,70.7,218.3,72.8,-0.05413291,0,0,0,0,0,1,0,0,0,0,0,0,2.9620510000000007,0.609490000000001
1991-07-01,11.809528,68.1,60.5,70.5,220.9,72.2,-0.2274814,0,0,0,0,0,0,1,0,0,0,0,0,-2.381717,-0.2097029999999993
1991-08-01,11.358798,67.6,60.9,70.3,221.0,71.4,0.228,0,0,0,0,0,0,0,1,0,0,0,0,-0.4507300000000001,-0.14086600000000082
1991-09-01,14.150948,67.6,61.1,70.1,220.8,71.5,0.411633,0,0,0,0,0,0,0,0,1,0,0,0,2.7921499999999995,0.16970199999999913
1991-10-01,11.711833,67.8,61.3,69.9,220.2,72.4,0.269701,0,0,0,0,0,0,0,0,0,1,0,0,-2.4391149999999993,-0.11470399999999792
1991-11-01,12.717082,67.9,61.5,69.8,224.0,72.6,-0.2151804,0,0,0,0,0,0,0,0,0,0,1,0,1.0052489999999992,0.23600599999999794
1991-12-01,19.196862,67.5,61.6,69.6,226.6,72.3,-0.2803378,-1,-1,-1,-1,-1,-1,-1,-1,-1,-1,-1,0,6.47978,-0.6749050000000008
1992-01-01,11.240859,67.3,61.4,69.5,226.5,72.3,-0.1513755,1,0,0,0,0,0,0,0,0,0,0,0,-7.956002999999999,-2.1200529999999986
1992-02-01,11.137865,67.5,61.7,69.4,229.9,72.7,0.3356968,0,1,0,0,0,0,0,0,0,0,0,0,-0.1029940000000007,2.753952
1992-03-01,14.023792,67.6,62.0,69.3,233.8,72.4,0.3021955,0,0,1,0,0,0,0,0,0,0,0,0,2.8859270000000006,-0.6459639999999993
1992-04-01,11.783725,67.8,62.7,69.2,228.0,72.9,0.118362,0,0,0,1,0,0,0,0,0,0,0,0,-2.240067,0.5312280000000005
1992-05-01,11.683859,68.1,62.9,69.1,228.9,71.4,0.04298984,0,0,0,0,1,0,0,0,0,0,0,0,-0.09986600000000045,-0.04815600000000053
1992-06-01,14.636809,68.2,62.9,69.0,231.7,72.1,-0.333028,0,0,0,0,0,1,0,0,0,0,0,0,2.9529499999999995,-0.009101000000001136
1992-07-01,11.760353,67.9,62.6,68.9,234.0,72.8,-0.5066006,0,0,0,0,0,0,1,0,0,0,0,0,-2.8764559999999992,-0.49473899999999915
1992-08-01,11.711597,67.7,62.7,68.9,232.4,72.7,-0.3683431,0,0,0,0,0,0,0,1,0,0,0,0,-0.04875600000000091,0.40197399999999917
1992-09-01,14.537532,67.9,62.9,68.8,231.4,73.2,-0.3805785,0,0,0,0,0,0,0,0,1,0,0,0,2.825935000000001,0.03378500000000173
1992-10-01,12.151288,68.2,63.1,68.7,231.9,74.0,-0.305626,0,0,0,0,0,0,0,0,0,1,0,0,-2.3862440000000014,0.05287099999999789
1992-11-01,13.101194,68.7,63.1,68.5,233.0,73.0,-0.01094868,0,0,0,0,0,0,0,0,0,0,1,0,0.9499060000000004,-0.05534299999999881
1992-12-01,19.579217,68.6,63.2,68.4,237.2,72.9,0.2299474,-1,-1,-1,-1,-1,-1,-1,-1,-1,-1,-1,0,6.478023,-0.0017569999999995645
1993-01-01,11.573305,69.0,62.8,68.3,235.0,73.0,0.7101089,1,0,0,0,0,0,0,0,0,0,0,0,-8.005912,-0.04990900000000131
1993-02-01,11.586856,69.4,63.2,68.4,238.0,74.0,-0.3037362,0,1,0,0,0,0,0,0,0,0,0,0,0.013550999999999647,0.11654500000000034
1993-03-01,14.827218,69.9,63.6,68.3,238.7,73.4,0.04352308,0,0,1,0,0,0,0,0,0,0,0,0,3.240362000000001,0.3544350000000005
1993-04-01,12.219456,69.8,64.3,68.4,236.3,73.5,-0.1196364,0,0,0,1,0,0,0,0,0,0,0,0,-2.607762000000001,-0.3676950000000012
1993-05-01,12.099943,69.8,64.5,68.4,236.8,74.0,0.4464517,0,0,0,0,1,0,0,0,0,0,0,0,-0.11951299999999954,-0.019646999999999082
1993-06-01,15.253843,69.9,64.5,68.4,238.2,73.6,-0.4336267,0,0,0,0,0,1,0,0,0,0,0,0,3.1539,0.20095000000000063
1993-07-01,12.363043,69.8,64.2,68.4,241.5,74.2,0.2177576,0,0,0,0,0,0,1,0,0,0,0,0,-2.8908000000000005,-0.014344000000001245
1993-08-01,12.250653,69.7,64.5,68.5,238.4,74.4,0.3585193,0,0,0,0,0,0,0,1,0,0,0,0,-0.11238999999999955,-0.06363399999999864
1993-09-01,15.34444,69.8,64.8,68.5,237.2,74.7,0.04330164,0,0,0,0,0,0,0,0,1,0,0,0,3.0937870000000007,0.26785199999999953
1993-10-01,12.739611,69.8,64.7,68.5,236.9,74.9,-0.3679047,0,0,0,0,0,0,0,0,0,1,0,0,-2.6048290000000005,-0.21858499999999914
1993-11-01,13.751453,69.8,64.6,68.5,240.2,75.6,-0.07602477,0,0,0,0,0,0,0,0,0,0,1,0,1.0118419999999997,0.061935999999999325
1993-12-01,20.626587,69.5,64.7,68.5,244.3,75.8,-0.3043305,-1,-1,-1,-1,-1,-1,-1,-1,-1,-1,-1,0,6.875134000000001,0.39711100000000066
1994-01-01,12.091662,69.6,64.5,68.6,242.2,76.3,0.4687913,1,0,0,0,0,0,0,0,0,0,0,0,-8.534925000000001,-0.5290130000000008
1994-02-01,11.972706,69.7,64.8,68.7,247.7,76.5,-0.2170251,0,1,0,0,0,0,0,0,0,0,0,0,-0.11895599999999895,-0.1325069999999986
1994-03-01,15.537219,69.8,65.0,68.8,250.3,76.8,-0.3479954,0,0,1,0,0,0,0,0,0,0,0,0,3.564513,0.32415099999999875
1994-04-01,12.500998,70.1,65.5,68.8,243.5,77.8,-0.3492106,0,0,0,1,0,0,0,0,0,0,0,0,-3.036221000000001,-0.42845900000000015
1994-05-01,12.641794,70.3,65.8,68.8,245.5,78.8,0.02190215,0,0,0,0,1,0,0,0,0,0,0,0,0.1407960000000017,0.26030900000000123
1994-06-01,15.841347,70.4,65.8,69.0,247.4,77.9,0.4488957,0,0,0,0,0,1,0,0,0,0,0,0,3.199553,0.04565299999999972
1994-07-01,12.856387,70.4,65.4,69.0,250.1,78.3,0.2397944,0,0,0,0,0,0,1,0,0,0,0,0,-2.984960000000001,-0.09416000000000047
1994-08-01,12.715306,70.9,65.7,69.0,247.0,78.6,0.2065998,0,0,0,0,0,0,0,1,0,0,0,0,-0.1410809999999998,-0.028691000000000244
1994-09-01,15.958371,70.8,65.8,69.0,245.7,79.3,-0.04340502,0,0,0,0,0,0,0,0,1,0,0,0,3.2430649999999996,0.1492779999999989
1994-10-01,13.214143,70.8,65.7,69.1,246.3,79.5,0.06513579,0,0,0,0,0,0,0,0,0,1,0,0,-2.7442279999999997,-0.13939899999999916
1994-11-01,14.245569,70.9,65.7,69.1,248.6,79.4,0.2495247,0,0,0,0,0,0,0,0,0,0,1,0,1.0314259999999997,0.019584000000000046
1994-12-01,21.951539,71.0,66.0,69.0,255.2,80.2,-0.7791765,-1,-1,-1,-1,-1,-1,-1,-1,-1,-1,-1,0,7.705970000000001,0.8308359999999997
1995-01-01,12.119448,71.7,66.0,69.1,251.6,78.8,0.5344371,1,0,0,0,0,0,0,0,0,0,0,0,-9.832091,-1.297165999999999
1995-02-01,12.460358,72.0,66.3,69.2,256.2,78.9,0.0108489,0,1,0,0,0,0,0,0,0,0,0,0,0.34090999999999916,0.4598659999999981
1995-03-01,15.828735,72.2,66.7,69.3,261.5,79.2,-0.0976295,0,0,1,0,0,0,0,0,0,0,0,0,3.3683770000000006,-0.1961359999999992
1995-04-01,13.074493,72.6,67.0,69.4,253.8,79.8,-0.02171665,0,0,0,1,0,0,0,0,0,0,0,0,-2.7542419999999996,0.28197900000000153
1995-05-01,12.97535,72.9,67.4,69.4,253.6,79.7,-0.4344273,0,0,0,0,1,0,0,0,0,0,0,0,-0.09914299999999976,-0.23993900000000146
1995-06-01,16.268369,73.1,67.4,69.5,255.3,79.2,0.774473,0,0,0,0,0,1,0,0,0,0,0,0,3.2930189999999993,0.09346599999999938
1995-07-01,13.35518,73.2,67.1,69.6,256.9,79.7,0.270606,0,0,0,0,0,0,1,0,0,0,0,0,-2.913188999999999,0.0717710000000018
1995-08-01,13.003201,73.4,67.4,69.6,253.1,79.8,-0.06477016,0,0,0,0,0,0,0,1,0,0,0,0,-0.35197900000000004,-0.21089800000000025
1995-09-01,16.364479,73.5,67.7,69.7,252.7,80.1,0.01080202,0,0,0,0,0,0,0,0,1,0,0,0,3.3612779999999987,0.11821299999999901
1995-10-01,13.647029,73.4,67.6,69.7,253.3,79.8,0.302424,0,0,0,0,0,0,0,0,0,1,0,0,-2.7174499999999995,0.02677800000000019
1995-11-01,14.822041,73.3,67.6,69.9,256.3,80.2,-0.07537804,0,0,0,0,0,0,0,0,0,0,1,0,1.1750120000000006,0.14358600000000088
1995-12-01,22.952706,73.7,68.0,70.0,262.3,80.7,0.1077641,-1,-1,-1,-1,-1,-1,-1,-1,-1,-1,-1,0,8.130664999999999,0.42469499999999805
1996-01-01,15.766943,74.5,67.8,69.9,258.8,80.3,0.05382407,1,0,0,0,0,0,0,0,0,0,0,1,-7.185763,2.6463280000000005
1996-02-01,13.050509,74.3,68.1,69.9,265.2,80.9,-0.03227707,0,1,0,0,0,0,0,0,0,0,0,0,-2.7164339999999996,-3.0573439999999987
1996-03-01,16.764685,74.6,68.4,69.9,270.2,81.0,0.04304998,0,0,1,0,0,0,0,0,0,0,0,0,3.714176,0.3457989999999995
1996-04-01,13.800351,75.0,68.7,69.9,262.8,80.0,0.1506101,0,0,0,1,0,0,0,0,0,0,0,0,-2.964334000000001,-0.21009200000000128
1996-05-01,13.625221,74.8,68.9,69.9,261.5,80.6,-0.2685422,0,0,0,0,1,0,0,0,0,0,0,0,-0.17512999999999934,-0.07598699999999958
1996-06-01,17.491968,74.4,69.0,69.9,264.0,80.1,-0.1292473,0,0,0,0,0,1,0,0,0,0,0,0,3.866747,0.5737280000000009
1996-07-01,14.103006,74.3,68.6,70.0,267.0,80.0,0.1725528,0,0,0,0,0,0,1,0,0,0,0,0,-3.3889619999999994,-0.4757730000000002
1996-08-01,13.715475,74.6,68.9,70.0,262.2,80.6,0.1076597,0,0,0,0,0,0,0,1,0,0,0,0,-0.38753100000000096,-0.035552000000000916
1996-09-01,17.46809,75.4,69.3,70.1,263.6,81.1,0.1613159,0,0,0,0,0,0,0,0,1,0,0,0,3.7526150000000005,0.3913370000000018
1996-10-01,14.54055,75.7,69.3,70.3,262.7,81.0,0.07515951,0,0,0,0,0,0,0,0,0,1,0,0,-2.9275400000000005,-0.210090000000001
1996-11-01,15.951142,75.6,69.3,70.3,265.6,81.5,0.2038512,0,0,0,0,0,0,0,0,0,0,1,0,1.4105920000000012,0.23558000000000057
1996-12-01,23.387466,75.2,69.5,70.5,274.1,81.8,-0.1391934,-1,-1,-1,-1,-1,-1,-1,-1,-1,-1,-1,0,7.436323999999999,-0.6943409999999997
1997-01-01,13.500204,75.3,69.2,70.6,270.3,81.8,-0.08577686,1,0,0,0,0,0,0,0,0,0,0,0,-9.887262,-2.701499
1997-02-01,13.633912,74.8,69.4,70.8,274.7,82.1,0.4507151,0,1,0,0,0,0,0,0,0,0,0,0,0.13370800000000038,2.850142
1997-03-01,17.666782,74.4,69.5,70.9,283.9,80.9,-0.07478213,0,0,1,0,0,0,0,0,0,0,0,0,4.032870000000001,0.3186940000000007
1997-04-01,14.437963,74.3,69.8,70.9,273.4,82.9,-0.08552925,0,0,0,1,0,0,0,0,0,0,0,0,-3.2288190000000014,-0.2644850000000005
1997-05-01,14.215591,74.3,70.0,71.0,273.2,82.6,0.2675077,0,0,0,0,1,0,0,0,0,0,0,0,-0.22237200000000001,-0.04724200000000067
1997-06-01,18.332814,74.1,70.2,70.9,274.8,82.8,-0.04268704,0,0,0,0,0,1,0,0,0,0,0,0,4.117222999999999,0.25047599999999903
1997-07-01,15.004009,73.7,69.9,70.9,278.3,84.5,-0.1387921,0,0,0,0,0,0,1,0,0,0,0,0,-3.328804999999999,0.06015700000000024
1997-08-01,14.445581,74.1,70.3,71.1,274.7,83.5,-0.01069116,0,0,0,0,0,0,0,1,0,0,0,0,-0.5584279999999993,-0.1708969999999983
1997-09-01,18.0375,74.4,70.6,71.1,275.2,84.0,0.1283076,0,0,0,0,0,0,0,0,1,0,0,0,3.5919190000000008,-0.16069599999999973
1997-10-01,15.309813,74.4,70.6,71.2,274.5,85.0,0.1495004,0,0,0,0,0,0,0,0,0,1,0,0,-2.7276870000000013,0.19985299999999917
1997-11-01,16.613947,74.3,70.6,71.2,277.8,85.1,-0.2985544,0,0,0,0,0,0,0,0,0,0,1,0,1.3041339999999995,-0.10645800000000172
1997-12-01,24.653603,74.0,70.7,71.2,287.5,85.3,0.1390296,-1,-1,-1,-1,-1,-1,-1,-1,-1,-1,-1,0,8.039656,0.6033320000000018
1998-01-01,14.260728,73.7,70.3,71.2,284.5,85.3,-0.2883529,1,0,0,0,0,0,0,0,0,0,0,0,-10.392875,-0.5056130000000003
1998-02-01,14.331277,73.2,70.5,71.3,290.5,86.1,0.0963956,0,1,0,0,0,0,0,0,0,0,0,0,0.07054899999999975,-0.06315900000000063
1998-03-01,18.302761,73.0,70.7,71.3,300.1,86.7,0.03210093,0,0,1,0,0,0,0,0,0,0,0,0,3.9714840000000002,-0.06138600000000061
1998-04-01,15.123012,72.8,71.1,71.3,289.8,87.1,0.085575,0,0,0,1,0,0,0,0,0,0,0,0,-3.179749000000001,0.04907000000000039
1998-05-01,15.08877,72.9,71.4,71.3,289.7,86.4,0.01068773,0,0,0,0,1,0,0,0,0,0,0,0,-0.034241999999998995,0.18813000000000102
1998-06-01,18.803167,72.7,71.3,71.4,289.3,86.7,-0.2671646,0,0,0,0,0,1,0,0,0,0,0,0,3.714396999999998,-0.402826000000001
1998-07-01,15.4018,72.7,71.0,71.6,293.7,86.4,-0.3214564,0,0,0,0,0,0,1,0,0,0,0,0,-3.4013669999999987,-0.07256199999999957
1998-08-01,15.08841,72.5,71.2,71.6,288.1,86.9,-0.2364949,0,0,0,0,0,0,0,1,0,0,0,0,-0.31339000000000006,0.2450379999999992
1998-09-01,18.614108,72.4,71.5,71.6,288.8,87.2,0.172404,0,0,0,0,0,0,0,0,1,0,0,0,3.525698000000002,-0.06622099999999875
1998-10-01,15.513445,72.3,71.5,71.8,287.1,87.2,-0.1936207,0,0,0,0,0,0,0,0,0,1,0,0,-3.100663000000001,-0.37297599999999953
1998-11-01,17.031364,72.1,71.6,71.8,289.9,87.4,0.3448824,0,0,0,0,0,0,0,0,0,0,1,0,1.5179189999999991,0.21378499999999967
1998-12-01,24.996032,71.8,71.8,71.9,299.6,87.7,-0.08592426,-1,-1,-1,-1,-1,-1,-1,-1,-1,-1,-1,0,7.964668,-0.07498800000000116
1999-01-01,14.658358,71.7,71.4,71.9,296.6,89.0,0.07524839,1,0,0,0,0,0,0,0,0,0,0,0,-10.337674,0.05520100000000028
1999-02-01,14.645831,71.8,71.5,71.9,304.6,89.1,0.2148337,0,1,0,0,0,0,0,0,0,0,0,0,-0.012527000000000399,-0.08307600000000015
1999-03-01,18.957294,71.9,71.9,71.8,314.2,90.0,0.2036545,0,0,1,0,0,0,0,0,0,0,0,0,4.311463000000002,0.33997900000000136
1999-04-01,15.186254,72.2,72.2,71.8,300.1,89.8,-0.01069687,0,0,0,1,0,0,0,0,0,0,0,0,-3.771040000000001,-0.591291
1999-05-01,15.490417,72.2,72.4,71.9,301.0,90.7,-0.06418812,0,0,0,0,1,0,0,0,0,0,0,0,0.30416300000000085,0.33840499999999984
1999-06-01,19.339566,72.1,72.3,71.9,304.0,90.5,0.05352445,0,0,0,0,0,1,0,0,0,0,0,0,3.8491490000000006,0.13475200000000243
1999-07-01,15.805361,72.2,71.9,72.0,305.2,91.4,-0.04279665,0,0,0,0,0,0,1,0,0,0,0,0,-3.534205000000002,-0.13283800000000312
1999-08-01,15.457393,72.4,72.1,72.1,301.0,92.1,0.1819637,0,0,0,0,0,0,0,1,0,0,0,0,-0.34796799999999983,-0.034577999999999776
1999-09-01,19.046628,72.7,72.4,72.1,300.7,92.6,-0.2030018,0,0,0,0,0,0,0,0,1,0,0,0,3.5892349999999986,0.06353699999999662
1999-10-01,15.989432,72.8,72.3,72.2,301.6,92.0,0.2141207,0,0,0,0,0,0,0,0,0,1,0,0,-3.0571959999999976,0.04346700000000325
1999-11-01,17.572471,72.9,72.4,72.3,304.5,92.7,-0.1816137,0,0,0,0,0,0,0,0,0,0,1,0,1.5830389999999994,0.06512000000000029
1999-12-01,25.884731,73.2,72.6,72.2,317.5,91.5,0.3959962,-1,-1,-1,-1,-1,-1,-1,-1,-1,-1,-1,0,8.312259999999998,0.3475919999999988
2000-01-01,15.283753,73.3,71.9,72.2,309.112982346871,92.3,-0.03198115,1,0,0,0,0,0,0,0,0,0,0,0,-10.600977999999998,-0.263303999999998
2000-02-01,15.043916,73.4,72.2,72.3,316.479008033256,92.6,-0.2026121,0,1,0,0,0,0,0,0,0,0,0,0,-0.2398370000000014,-0.227310000000001
2000-03-01,19.196858,73.6,72.3,72.3,328.242297194473,92.3,-0.2243943,0,0,1,0,0,0,0,0,0,0,0,0,4.1529419999999995,-0.15852100000000213
2000-04-01,15.900145,73.6,72.6,72.4,308.175551469397,92.1,-0.08567581,0,0,0,1,0,0,0,0,0,0,0,0,-3.2967129999999987,0.4743270000000024
2000-05-01,15.794076,73.6,72.8,72.5,307.832562811315,92.4,0.1071866,0,0,0,0,1,0,0,0,0,0,0,0,-0.10606899999999975,-0.4102320000000006
2000-06-01,19.698577,74.1,72.9,72.6,309.182589906153,92.9,-0.09636465,0,0,0,0,0,1,0,0,0,0,0,0,3.9045009999999998,0.05535199999999918
2000-07-01,16.133791,74.2,72.5,72.7,310.387486809352,92.3,-0.03215253,0,0,0,0,0,0,1,0,0,0,0,0,-3.5647860000000016,-0.030580999999999747
2000-08-01,15.889481,73.9,72.5,72.6,308.894500802859,93.5,0.2251401,0,0,0,0,0,0,0,1,0,0,0,0,-0.2443099999999987,0.10365800000000114
2000-09-01,19.668029,74.2,73.1,72.5,309.364056010418,93.2,-0.5562375,0,0,0,0,0,0,0,0,1,0,0,0,3.7785480000000007,0.18931300000000206
2000-10-01,16.580039,74.4,73.1,72.4,309.0209782308,93.4,0.5485921,0,0,0,0,0,0,0,0,0,1,0,0,-3.0879900000000013,-0.030794000000003763
2000-11-01,18.15406,74.4,73.2,72.5,311.88781953885,94.2,-0.08558415,0,0,0,0,0,0,0,0,0,0,1,0,1.574021000000002,-0.009017999999997528
2000-12-01,27.546157,74.1,73.2,72.7,327.35431450613,96.2,0.2462652,-1,-1,-1,-1,-1,-1,-1,-1,-1,-1,-1,0,9.392097,1.0798370000000013
2001-01-01,15.53055,73.5,72.6,72.6,326.239431239662,95.9,-0.06408527,1,0,0,0,0,0,0,0,0,0,0,0,-12.015607000000001,-1.4146290000000032
2001-02-01,15.592693,73.2,72.7,72.6,342.942273864132,96.0,-0.03206319,0,1,0,0,0,0,0,0,0,0,0,0,0.062143000000000725,0.30198000000000214
2001-03-01,19.967692,73.4,73.0,72.7,343.977950709718,96.8,0.138985,0,0,1,0,0,0,0,0,0,0,0,0,4.374998999999999,0.2220569999999995
2001-04-01,16.622427,73.7,73.4,72.7,326.061256730142,97.3,-0.1601448,0,0,0,1,0,0,0,0,0,0,0,0,-3.3452650000000013,-0.04855200000000259
2001-05-01,16.969881,74.0,74.0,72.7,322.757152409604,96.8,-0.03208033,0,0,0,0,1,0,0,0,0,0,0,0,0.3474540000000026,0.45352300000000234
2001-06-01,20.965379,74.1,74.1,72.6,327.153843185116,97.5,0.17115,0,0,0,0,0,1,0,0,0,0,0,0,3.9954979999999978,0.090996999999998
2001-07-01,17.114988,73.9,73.6,72.6,326.019856825599,97.2,0.06407159,0,0,0,0,0,0,1,0,0,0,0,0,-3.8503909999999983,-0.2856049999999968
2001-08-01,16.670944,73.7,73.9,72.5,324.432856943539,98.3,-0.3735116,0,0,0,0,0,0,0,1,0,0,0,0,-0.44404400000000166,-0.19973400000000296
2001-09-01,20.970517,73.6,74.1,72.5,323.327315601086,97.8,0.1285412,0,0,0,0,0,0,0,0,1,0,0,0,4.299573000000002,0.5210250000000016
2001-10-01,17.506456,73.4,73.9,72.6,323.787190498224,97.2,-0.4921089,0,0,0,0,0,0,0,0,0,1,0,0,-3.464061000000001,-0.3760709999999996
2001-11-01,19.26457,72.7,73.8,72.6,325.541730703516,97.3,0.2687731,0,0,0,0,0,0,0,0,0,0,1,0,1.758113999999999,0.18409299999999718
2001-12-01,29.284128,72.4,74.0,72.5,337.499491024228,96.9,0.3323853,-1,-1,-1,-1,-1,-1,-1,-1,-1,-1,-1,0,10.019558,0.6274610000000003
2002-01-01,20.564125,72.6,73.7,72.5,337.918176524646,96.3,-0.04274635,1,0,0,0,0,0,0,0,0,0,0,1,-8.720002999999998,3.2956040000000026
2002-02-01,16.732109,72.6,73.8,72.5,352.312365793389,96.4,0.01069116,0,1,0,0,0,0,0,0,0,0,0,0,-3.8320159999999994,-3.894159
2002-03-01,21.628053,72.8,74.1,72.6,352.625227535926,98.2,0.02138003,0,0,1,0,0,0,0,0,0,0,0,0,4.895944,0.5209450000000011
2002-04-01,17.761827,73.3,74.4,72.6,337.489376320095,96.1,0.1496282,0,0,0,1,0,0,0,0,0,0,0,0,-3.866226000000001,-0.5209609999999998
2002-05-01,17.717464,73.4,74.6,72.7,334.432748930384,99.1,-0.1387329,0,0,0,0,1,0,0,0,0,0,0,0,-0.044363000000000596,-0.3918170000000032
2002-06-01,21.674542,73.3,74.6,72.6,339.186067893721,94.0,-0.09617928,0,0,0,0,0,1,0,0,0,0,0,0,3.957077999999999,-0.038419999999998566
2002-07-01,18.00935,73.3,74.4,72.7,338.544296039858,100.2,0.05348437,0,0,0,0,0,0,1,0,0,0,0,0,-3.6651919999999976,0.18519900000000078
2002-08-01,17.379265,73.3,74.6,72.6,333.807089679706,100.0,0.01069116,0,0,0,0,0,0,0,1,0,0,0,0,-0.6300850000000011,-0.18604099999999946
2002-09-01,21.770692,73.5,74.8,72.7,333.563565279166,101.5,0.2886304,0,0,0,0,0,0,0,0,1,0,0,0,4.391427,0.09185399999999788
2002-10-01,18.396348,73.6,74.9,72.8,334.677465552797,100.2,-0.2238442,0,0,0,0,0,0,0,0,0,1,0,0,-3.3743440000000007,0.08971700000000027
2002-11-01,20.316348,73.5,74.9,72.9,336.037046161523,100.5,0.02136632,0,0,0,0,0,0,0,0,0,0,1,0,1.9200000000000017,0.16188600000000264
2002-12-01,29.524724,73.6,75.2,72.8,345.319226187757,101.3,-0.352469,-1,-1,-1,-1,-1,-1,-1,-1,-1,-1,-1,0,9.208375999999998,-0.8111820000000023
2003-01-01,16.767509,74.0,74.7,72.6,345.894478651767,100.8,-0.3858717,1,0,0,0,0,0,0,0,0,0,0,0,-12.757214999999999,-4.037212
2003-02-01,16.905644,74.4,75.0,72.7,360.189242616751,101.9,-0.2152036,0,1,0,0,0,0,0,0,0,0,0,0,0.13813499999999834,3.9701509999999978
2003-03-01,21.681161,75.2,75.3,72.7,369.121329837735,101.6,0.03235016,0,0,1,0,0,0,0,0,0,0,0,0,4.775517000000001,-0.1204269999999994
2003-04-01,18.10654,74.7,75.5,72.8,345.968329025721,101.1,0.3988563,0,0,0,1,0,0,0,0,0,0,0,0,-3.5746210000000005,0.29160500000000056
2003-05-01,17.747642,74.3,75.5,72.9,343.894459077494,99.8,-0.2791639,0,0,0,0,1,0,0,0,0,0,0,0,-0.35889799999999994,-0.31453499999999934
2003-06-01,22.398749,74.1,75.4,72.8,347.851750284488,100.4,0.1076713,0,0,0,0,0,1,0,0,0,0,0,0,4.651107,0.6940290000000005
2003-07-01,18.248072,74.2,75.3,72.8,348.491380270441,101.0,0.01075555,0,0,0,0,0,0,1,0,0,0,0,0,-4.150676999999998,-0.4854850000000006
2003-08-01,17.719119,74.4,75.6,72.8,345.287159649201,101.2,-0.1075439,0,0,0,0,0,0,0,1,0,0,0,0,-0.5289530000000013,0.10113199999999978
2003-09-01,22.361225,74.5,75.9,72.8,345.745478854184,101.4,0.2260854,0,0,0,0,0,0,0,0,1,0,0,0,4.642106000000002,0.25067900000000165
2003-10-01,18.837552,74.4,76.0,72.8,347.154444007853,103.2,-0.171867,0,0,0,0,0,0,0,0,0,1,0,0,-3.5236730000000023,-0.1493290000000016
2003-11-01,20.695697,74.5,75.9,72.8,347.536178204552,101.8,-0.02152036,0,0,0,0,0,0,0,0,0,0,1,0,1.8581450000000004,-0.061855000000001326
2003-12-01,30.290421,74.6,76.2,73.0,358.386869623945,101.8,0.0107625,-1,-1,-1,-1,-1,-1,-1,-1,-1,-1,-1,0,9.594724,0.3863480000000017
2004-01-01,17.750411,74.8,75.8,73.0,373.117562237579,103.1,0.07532936,1,0,0,0,0,0,0,0,0,0,0,0,-12.540009999999999,0.21720499999999987
2004-02-01,17.671676,74.9,76.0,73.0,373.672454463694,102.8,-0.06451943,0,1,0,0,0,0,0,0,0,0,0,0,-0.07873499999999822,-0.21686999999999657
2004-03-01,22.717032,75.2,76.1,73.0,383.105106760219,102.9,0.1936832,0,0,1,0,0,0,0,0,0,0,0,0,5.045355999999998,0.2698389999999975
2004-04-01,18.890581,75.5,76.4,72.9,359.777828882814,103.4,-0.1396119,0,0,0,1,0,0,0,0,0,0,0,0,-3.8264509999999987,-0.2518299999999982
2004-05-01,18.966051,76.1,76.6,72.9,359.317142350141,101.9,-0.1720703,0,0,0,0,1,0,0,0,0,0,0,0,0.07546999999999926,0.4343679999999992
2004-06-01,23.711057,76.2,76.6,72.8,363.039953320247,101.7,-0.07541052,0,0,0,0,0,1,0,0,0,0,0,0,4.745006,0.0938990000000004
2004-07-01,19.119391,76.4,76.4,72.8,361.196672361973,101.3,0.09702955,0,0,0,0,0,0,1,0,0,0,0,0,-4.591666,-0.44098900000000185
2004-08-01,18.615711,76.9,76.6,72.9,359.880307041839,99.8,-0.03231183,0,0,0,0,0,0,0,1,0,0,0,0,-0.5036799999999992,0.0252730000000021
2004-09-01,23.435397,77.4,76.7,72.9,359.762461024828,99.5,-0.08619273,0,0,0,0,0,0,0,0,1,0,0,0,4.819685999999997,0.1775799999999954
2004-10-01,19.547765,78.1,76.9,73.0,361.452353195788,99.5,0.1617508,0,0,0,0,0,0,0,0,0,1,0,0,-3.887632,-0.3639589999999977
2004-11-01,21.528014,78.2,77.0,73.0,361.364702165076,100.2,0.1830215,0,0,0,0,0,0,0,0,0,0,1,0,1.9802490000000006,0.12210400000000021
2004-12-01,30.999081,77.7,77.4,73.1,373.601167563503,99.7,-0.08597043,-1,-1,-1,-1,-1,-1,-1,-1,-1,-1,-1,0,9.471067000000001,-0.12365699999999791
2005-01-01,17.94998,77.5,77.0,73.2,390.070808245081,100.3,0.0430222,1,0,0,0,0,0,0,0,0,0,0,0,-13.049101,-0.5090910000000015
2005-02-01,17.943886,77.8,77.2,73.1,396.756396217182,99.9,0.1182602,0,1,0,0,0,0,0,0,0,0,0,0,-0.006094000000000932,0.07264099999999729
2005-03-01,23.27013,78.4,77.5,72.9,399.422078020701,98.3,0.09664404,0,0,1,0,0,0,0,0,0,0,0,0,5.326244000000003,0.28088800000000447
2005-04-01,18.813871,79.2,77.8,72.9,375.055132502216,100.9,-0.1072786,0,0,0,1,0,0,0,0,0,0,0,0,-4.456259000000003,-0.6298080000000041
2005-05-01,18.8891,78.9,78.1,72.9,374.600070561497,100.3,-0.1288726,0,0,0,0,1,0,0,0,0,0,0,0,0.07522900000000021,-0.00024099999999904753
2005-06-01,23.893989,79.0,78.1,73.0,378.44690034622,101.1,-0.09677914,0,0,0,0,0,1,0,0,0,0,0,0,5.004889000000002,0.2598830000000021
2005-07-01,19.231168,79.9,78.2,73.0,378.054035007382,99.9,0.1291638,0,0,0,0,0,0,1,0,0,0,0,0,-4.662821000000001,-0.07115500000000097
2005-08-01,18.698322,80.2,78.4,73.0,376.892520225142,99.1,-0.01074977,0,0,0,0,0,0,0,1,0,0,0,0,-0.5328459999999993,-0.029166000000000025
2005-09-01,23.382649,81.1,78.6,72.9,376.005606700128,100.5,-0.05375463,0,0,0,0,0,0,0,0,1,0,0,0,4.684327,-0.13535899999999756
2005-10-01,19.65663,81.0,78.7,72.8,375.658769880356,99.5,-0.1398372,0,0,0,0,0,0,0,0,0,1,0,0,-3.726019000000001,0.16161299999999912
2005-11-01,21.707542,80.6,78.7,72.7,377.448322750037,100.8,-0.04308708,0,0,0,0,0,0,0,0,0,0,1,0,2.0509120000000003,0.0706629999999997
2005-12-01,32.248538,80.3,78.9,72.8,390.089352508719,104.2,-0.08621131,-1,-1,-1,-1,-1,-1,-1,-1,-1,-1,-1,0,10.540996000000003,1.069929000000002
2006-01-01,17.881292,80.7,78.5,72.8,403.760350809745,102.8,0.1941428,1,0,0,0,0,0,0,0,0,0,0,0,-14.367246000000005,-1.3181450000000048
2006-02-01,18.067817,80.9,78.8,72.9,423.446289359486,102.7,0.0861185,0,1,0,0,0,0,0,0,0,0,0,0,0.18652500000000316,0.1926190000000041
2006-03-01,23.195423,81.3,78.9,72.9,424.155084641557,103.9,-0.3011554,0,0,1,0,0,0,0,0,0,0,0,0,5.127606,-0.19863800000000253
2006-04-01,19.391862,82.0,79.4,72.8,390.151090026485,104.1,0.280489,0,0,0,1,0,0,0,0,0,0,0,0,-3.803561000000002,0.6526980000000009
2006-05-01,19.430009,82.6,79.9,72.8,391.650973803786,105.0,-0.1506101,0,0,0,0,1,0,0,0,0,0,0,0,0.0381469999999986,-0.037082000000001614
2006-06-01,24.628331,82.7,80.1,72.9,399.076035523671,105.6,0.06464455,0,0,0,0,0,1,0,0,0,0,0,0,5.198322000000001,0.19343299999999886
2006-07-01,19.782424,83.1,80.0,73.0,395.630518540292,104.5,-0.1184384,0,0,0,0,0,0,1,0,0,0,0,0,-4.845907,-0.18308599999999942
2006-08-01,19.360147,83.2,80.4,72.8,390.610410815883,105.4,0.0,0,0,0,0,0,0,0,1,0,0,0,0,-0.42227699999999757,0.1105690000000017
2006-09-01,24.047456,82.7,80.5,72.8,389.864565665215,105.7,-0.0107799,0,0,0,0,0,0,0,0,1,0,0,0,4.687308999999999,0.002981999999999374
2006-10-01,20.260435,82.0,80.6,72.7,391.426906916708,104.6,0.3234318,0,0,0,0,0,0,0,0,0,1,0,0,-3.7870209999999993,-0.061001999999998446
2006-11-01,22.29334,81.9,80.8,72.7,393.277139649899,105.3,-0.2041798,0,0,0,0,0,0,0,0,0,0,1,0,2.0329049999999995,-0.018007000000000772
2006-12-01,33.644919,81.9,81.3,72.6,412.627760879428,104.6,-0.01076829,-1,-1,-1,-1,-1,-1,-1,-1,-1,-1,-1,0,11.351579000000001,0.8105829999999976
2007-01-01,18.334244,82.1,80.6,72.5,429.199336531154,105.0,-0.3230835,1,0,0,0,0,0,0,0,0,0,0,0,-15.310675,-0.9434289999999947
2007-02-01,18.826394,82.4,81.0,72.5,455.87439703653,103.6,0.1620654,0,1,0,0,0,0,0,0,0,0,0,0,0.49214999999999876,0.3056249999999956
2007-03-01,24.525697,83.2,81.4,72.5,443.80610092723,103.3,0.01078688,0,0,1,0,0,0,0,0,0,0,0,0,5.6993030000000005,0.5716970000000003
2007-04-01,20.313964,83.7,81.6,72.7,406.522576123954,101.9,0.05392856,0,0,0,1,0,0,0,0,0,0,0,0,-4.211733000000002,-0.4081720000000004
2007-05-01,20.249786,84.3,81.8,72.7,409.814788424781,104.0,0.3341769,0,0,0,0,1,0,0,0,0,0,0,0,-0.06417799999999829,-0.10232499999999689
2007-06-01,25.519113,84.7,82.0,72.6,415.856595668836,102.3,-0.10744,0,0,0,0,0,1,0,0,0,0,0,0,5.2693270000000005,0.07100499999999954
2007-07-01,20.411556,85.0,81.5,72.6,413.551161115429,101.8,-0.0860444,0,0,0,0,0,0,1,0,0,0,0,0,-5.107557,-0.2616499999999995
2007-08-01,20.044422,85.1,81.8,72.7,410.277773132339,103.1,0.1291778,0,0,0,0,0,0,0,1,0,0,0,0,-0.36713400000000007,0.0551429999999975
2007-09-01,25.086131,85.6,81.9,72.8,411.337488397361,101.8,-0.05375463,0,0,0,0,0,0,0,0,1,0,0,0,5.041709000000001,0.3544000000000018
2007-10-01,20.879586,86.2,82.3,72.8,408.048051553643,102.4,0.05378354,0,0,0,0,0,0,0,0,0,1,0,0,-4.206545000000002,-0.4195240000000027
2007-11-01,23.041674,87.3,82.5,72.9,413.464005368309,102.6,-0.3010259,0,0,0,0,0,0,0,0,0,0,1,0,2.1620880000000007,0.12918300000000116
2007-12-01,34.119648,87.8,83.0,72.9,426.562067479949,102.1,-0.05391693,-1,-1,-1,-1,-1,-1,-1,-1,-1,-1,-1,0,11.077973999999998,-0.27360500000000343
2008-01-01,24.136356,88.8,82.4,73.0,444.666803670775,102.0,-0.06473522,1,0,0,0,0,0,0,0,0,0,0,1,-9.983291999999999,5.327383000000001
2008-02-01,19.942966,89.4,83.0,73.0,476.644731221219,103.3,-0.2375162,0,1,0,0,0,0,0,0,0,0,0,0,-4.193390000000001,-4.68554
2008-03-01,25.357244,90.7,83.4,73.0,465.107177074022,100.4,-0.1190409,0,0,1,0,0,0,0,0,0,0,0,0,5.414278000000003,-0.2850249999999974
2008-04-01,20.487131,92.4,84.0,73.0,425.948171288348,101.9,-0.6067485,0,0,0,1,0,0,0,0,0,0,0,0,-4.870113,-0.6583799999999975
2008-05-01,21.576326,94.9,84.6,72.9,426.99977009966,101.1,-0.2725234,0,0,0,0,1,0,0,0,0,0,0,0,1.0891950000000001,1.1533729999999984
2008-06-01,26.356826,96.5,85.2,72.8,429.918385216439,100.7,-0.4481597,0,0,0,0,0,1,0,0,0,0,0,0,4.7805,-0.48882700000000057
2008-07-01,21.175606,97.1,85.1,72.6,426.762995229138,101.5,-0.5489966,0,0,0,0,0,0,1,0,0,0,0,0,-5.181220000000003,-0.07366300000000336
2008-08-01,20.801262,96.0,85.7,72.4,423.233406241502,100.8,0.3532974,0,0,0,0,0,0,0,1,0,0,0,0,-0.3743439999999971,-0.007209999999997052
2008-09-01,25.847176,95.8,86.1,72.3,422.735523763543,100.4,0.1540235,0,0,0,0,0,0,0,0,1,0,0,0,5.045914,0.004204999999998904
2008-10-01,21.502172,93.8,85.9,72.3,422.725281180826,100.3,-0.1428018,0,0,0,0,0,0,0,0,0,1,0,0,-4.345003999999999,-0.13845899999999745
2008-11-01,23.667164,92.0,85.8,72.2,423.038850190299,96.1,0.08800372,0,0,0,0,0,0,0,0,0,0,1,0,2.164991999999998,0.002903999999997353
2008-12-01,34.221834,90.1,85.5,72.2,437.149845252829,96.2,-0.06594475,-1,-1,-1,-1,-1,-1,-1,-1,-1,-1,-1,0,10.554670000000002,-0.523303999999996
2009-01-01,19.700636,89.5,84.9,71.9,437.039051392763,93.9,-0.5279062,1,0,0,0,0,0,0,0,0,0,0,0,-14.521198000000002,-4.537906000000003
2009-02-01,19.637054,89.5,85.6,71.7,449.461195443871,93.9,0.2653539,0,1,0,0,0,0,0,0,0,0,0,0,-0.06358200000000025,4.129808000000001
2009-03-01,25.517897,89.4,85.8,71.4,459.847180460387,93.2,0.4190318,0,0,1,0,0,0,0,0,0,0,0,0,5.880843000000002,0.46656499999999923
2009-04-01,21.166756,89.6,86.0,71.0,433.08593506326,94.5,0.3733587,0,0,0,1,0,0,0,0,0,0,0,0,-4.351141000000002,0.518971999999998
2009-05-01,21.197133,89.7,86.4,70.8,430.654148906681,93.1,0.0,0,0,0,0,1,0,0,0,0,0,0,0,0.03037700000000143,-1.0588179999999987
2009-06-01,26.956627,90.2,86.7,70.6,434.697934462617,93.6,0.3719699,0,0,0,0,0,1,0,0,0,0,0,0,5.759494,0.9789940000000001
2009-07-01,21.66268,90.0,86.7,70.7,428.051807729189,94.5,0.1634962,0,0,0,0,0,0,1,0,0,0,0,0,-5.293946999999999,-0.11272699999999602
2009-08-01,21.214467,90.1,87.0,70.6,424.672137925028,92.6,-0.07617369,0,0,0,0,0,0,0,1,0,0,0,0,-0.44821300000000264,-0.07386900000000551
2009-09-01,26.413006,90.3,87.1,70.6,426.63588994759,92.6,0.7296468,0,0,0,0,0,0,0,0,1,0,0,0,5.198539,0.15262500000000045
2009-10-01,22.186786,90.7,87.2,70.6,425.566017874395,92.8,0.08649093,0,0,0,0,0,0,0,0,0,1,0,0,-4.226219999999998,0.11878400000000156
2009-11-01,24.375987,91.3,87.5,70.6,426.384875993228,92.6,0.0,0,0,0,0,0,0,0,0,0,0,1,0,2.189200999999997,0.024208999999999037
2009-12-01,35.244284,91.5,88.0,70.4,440.024280462686,92.7,-0.1944364,-1,-1,-1,-1,-1,-1,-1,-1,-1,-1,-1,0,10.868297000000002,0.3136270000000003
2010-01-01,19.691652,91.6,87.8,70.3,439.754104086546,92.2,0.2597536,1,0,0,0,0,0,0,0,0,0,0,0,-15.552632,-1.0314339999999973
2010-02-01,20.335561,91.7,88.2,70.2,472.672767550389,93.1,0.1295403,0,1,0,0,0,0,0,0,0,0,0,0,0.6439089999999972,0.7074909999999974
2010-03-01,26.610569,92.9,88.7,70.2,490.009026219195,94.2,-0.1078106,0,0,1,0,0,0,0,0,0,0,0,0,6.275008000000003,0.394165000000001
2010-04-01,21.439863,94.0,89.2,70.4,434.645514256509,92.2,-0.09713427,0,0,0,1,0,0,0,0,0,0,0,0,-5.170706000000003,-0.8195650000000008
2010-05-01,21.931089,94.2,89.4,70.4,435.36028477441,92.2,-0.2376702,0,0,0,0,1,0,0,0,0,0,0,0,0.49122600000000105,0.4608489999999996
2010-06-01,27.600092,94.0,89.5,70.6,443.793587086207,90.9,-0.06497356,0,0,0,0,0,1,0,0,0,0,0,0,5.669003,-0.0904910000000001
2010-07-01,22.250933,94.0,89.3,70.6,435.770250287341,90.1,-0.2600632,0,0,0,0,0,0,1,0,0,0,0,0,-5.349159,-0.05521200000000093
2010-08-01,21.748082,93.9,89.8,70.7,433.463304893038,90.0,0.2281487,0,0,0,0,0,0,0,1,0,0,0,0,-0.5028509999999997,-0.05463799999999708
2010-09-01,27.05811,94.1,89.8,70.5,436.36666929282,89.2,-0.4335797,0,0,0,0,0,0,0,0,1,0,0,0,5.310027999999999,0.11148899999999884
2010-10-01,22.725458,94.8,90.0,70.3,434.387133037822,90.8,-0.04354678,0,0,0,0,0,0,0,0,0,1,0,0,-4.3326519999999995,-0.10643200000000164
2010-11-01,25.025523,95.4,90.3,70.4,435.27736328477,89.0,-0.174263,0,0,0,0,0,0,0,0,0,0,1,0,2.300065,0.11086400000000296
2010-12-01,35.93117,96.5,91.2,70.5,445.401745311646,88.2,0.07637314,-1,-1,-1,-1,-1,-1,-1,-1,-1,-1,-1,0,10.905647000000002,0.037349999999999994
2011-01-01,20.853906,97.8,91.3,70.6,458.504397255085,89.1,-0.4905955,1,0,0,0,0,0,0,0,0,0,0,0,-15.077264000000003,0.475367999999996
2011-02-01,20.929348,98.6,92.0,70.5,477.375099349648,86.6,0.1095587,0,1,0,0,0,0,0,0,0,0,0,0,0.07544200000000245,-0.5684669999999947
2011-03-01,26.913517,100.2,92.2,70.5,501.414122971122,86.1,-0.09849494,0,0,1,0,0,0,0,0,0,0,0,0,5.984168999999998,-0.2908390000000054
2011-04-01,22.894983,101.2,93.2,70.5,445.189051658641,85.5,-0.3724588,0,0,0,1,0,0,0,0,0,0,0,0,-4.018533999999999,1.1521720000000037
2011-05-01,22.390573,101.2,93.4,70.5,445.334647277421,86.3,0.8136764,0,0,0,0,1,0,0,0,0,0,0,0,-0.50441,-0.9956360000000011
2011-06-01,28.194225,101.4,93.3,70.2,458.567803279227,86.5,-0.2181376,0,0,0,0,0,1,0,0,0,0,0,0,5.803652,0.13464899999999957
2011-07-01,22.846358,101.7,93.3,70.2,448.951540598348,86.2,-0.1748916,0,0,0,0,0,0,1,0,0,0,0,0,-5.347867000000001,0.0012919999999994047
2011-08-01,22.235273,101.6,93.8,70.1,442.181239383561,86.2,-0.262797,0,0,0,0,0,0,0,1,0,0,0,0,-0.6110849999999992,-0.1082339999999995
2011-09-01,28.019758,102.0,94.4,70.1,443.840225619142,86.5,-0.09880853,0,0,0,0,0,0,0,0,1,0,0,0,5.784485,0.474457000000001
2011-10-01,23.571687,102.0,94.5,70.1,443.201082120085,86.2,-0.2197917,0,0,0,0,0,0,0,0,0,1,0,0,-4.448070999999999,-0.11541899999999927
2011-11-01,25.6405,102.3,94.6,70.2,444.152545894854,86.6,0.1321655,0,0,0,0,0,0,0,0,0,0,1,0,2.0688129999999987,-0.23125200000000135
2011-12-01,38.28007,102.0,95.1,70.2,453.915752116943,87.4,-0.05499627,-1,-1,-1,-1,-1,-1,-1,-1,-1,-1,-1,0,12.639570000000003,1.7339230000000008
2012-01-01,21.295833,102.3,94.6,70.3,458.012616120612,87.3,0.3851857,1,0,0,0,0,0,0,0,0,0,0,0,-16.984237000000004,-1.9069730000000007
2012-02-01,21.465267,102.8,95.1,70.5,478.899216275383,86.6,-0.01096308,0,1,0,0,0,0,0,0,0,0,0,0,0.16943400000000253,0.09399200000000008
2012-03-01,28.301864,103.7,95.4,70.5,505.153886833645,86.9,-0.1863928,0,0,1,0,0,0,0,0,0,0,0,0,6.836596999999998,0.8524279999999997
2012-04-01,22.816326,103.9,96.0,70.6,455.551141865185,87.1,-0.08787805,0,0,0,1,0,0,0,0,0,0,0,0,-5.485537999999998,-1.4670039999999993
2012-05-01,23.144538,103.1,95.9,70.9,453.202154558156,87.8,0.03298325,0,0,0,0,1,0,0,0,0,0,0,0,0.3282120000000006,0.8326220000000006
2012-06-01,29.2252,102.1,95.5,71.0,464.609973983892,86.6,0.02198159,0,0,0,0,0,1,0,0,0,0,0,0,6.080662,0.27701000000000064
2012-07-01,23.51003,102.2,95.6,71.1,455.825295467174,88.6,0.3076746,0,0,0,0,0,0,1,0,0,0,0,0,-5.7151700000000005,-0.3673029999999997
2012-08-01,22.911102,103.2,96.1,71.1,452.327281827353,87.9,0.03286402,0,0,0,0,0,0,0,1,0,0,0,0,-0.5989280000000008,0.012156999999998419
2012-09-01,28.894115,103.7,96.5,71.0,451.354463477414,85.7,-0.1861683,0,0,0,0,0,0,0,0,1,0,0,0,5.983013,0.1985279999999996
2012-10-01,24.002151,103.8,97.0,71.3,448.640386528748,86.3,-0.131658,0,0,0,0,0,0,0,0,0,1,0,0,-4.891963999999998,-0.4438929999999992
2012-11-01,26.221274,103.3,97.2,71.4,449.638882283873,87.0,0.6371858,0,0,0,0,0,0,0,0,0,0,1,0,2.2191229999999997,0.15031000000000105
2012-12-01,38.969367,102.9,97.6,71.3,459.540980105997,88.1,-0.2729101,-1,-1,-1,-1,-1,-1,-1,-1,-1,-1,-1,0,12.748092999999997,0.1085229999999946
2013-01-01,21.622005,103.4,97.1,71.1,462.69722019218,86.9,0.09851651,1,0,0,0,0,0,0,0,0,0,0,0,-17.347361999999997,-0.36312499999999304
2013-02-01,22.260536,104.7,97.8,71.1,481.820166255114,87.3,-0.1749681,0,1,0,0,0,0,0,0,0,0,0,0,0.6385309999999969,0.4690969999999943
2013-03-01,28.881731,104.8,98.1,71.2,501.714055540305,88.3,0.1971841,0,0,1,0,0,0,0,0,0,0,0,0,6.621195,-0.21540199999999743
2013-04-01,22.881601,104.1,98.3,71.2,475.121894974901,88.2,0.04373246,0,0,0,1,0,0,0,0,0,0,0,0,-6.000129999999999,-0.5145920000000004
2013-05-01,23.941512,103.8,98.5,71.3,462.077504569108,88.5,0.1092834,0,0,0,0,1,0,0,0,0,0,0,0,1.0599109999999996,0.731698999999999
2013-06-01,30.322065,103.9,98.3,71.4,469.094787964586,89.5,0.05458203,0,0,0,0,0,1,0,0,0,0,0,0,6.380552999999999,0.2998909999999988
2013-07-01,24.553644,104.6,98.3,71.4,459.476177382434,89.5,0.752821,0,0,0,0,0,0,1,0,0,0,0,0,-5.768421,-0.05325099999999949
2013-08-01,23.644763,104.8,98.7,71.6,455.114695817484,89.0,0.07580249,0,0,0,0,0,0,0,1,0,0,0,0,-0.9088809999999974,-0.3099529999999966
2013-09-01,30.056384,104.8,99.1,71.8,455.030254453552,90.2,0.0865658,0,0,0,0,0,0,0,0,1,0,0,0,6.411621,0.42860800000000054
2013-10-01,24.836554,104.0,99.1,72.0,453.189940871908,89.7,-0.05405683,0,0,0,0,0,0,0,0,0,1,0,0,-5.219830000000002,-0.32786600000000377
2013-11-01,27.226954,103.7,99.2,71.9,452.114785545172,89.8,-0.1730754,0,0,0,0,0,0,0,0,0,0,1,0,2.3903999999999996,0.1712769999999999
2013-12-01,40.826985,103.7,99.6,72.0,467.064524929797,89.8,0.1517036,-1,-1,-1,-1,-1,-1,-1,-1,-1,-1,-1,0,13.600031000000001,0.8519380000000041
2014-01-01,28.400526,103.8,99.0,72.3,469.430644954863,90.0,0.4760604,1,0,0,0,0,0,0,0,0,0,0,1,-12.426459000000001,4.920902999999996
2014-02-01,23.157544,104.0,99.5,72.4,492.767830236194,90.5,-0.07537804,0,1,0,0,0,0,0,0,0,0,0,0,-5.242981999999998,-5.881512999999995
2014-03-01,29.849559,104.0,99.7,72.6,510.552905064086,89.8,0.1939754,0,0,1,0,0,0,0,0,0,0,0,0,6.692014999999998,0.07081999999999766
2014-04-01,24.953592,103.9,100.1,72.8,468.648552137769,90.2,0.1505777,0,0,0,1,0,0,0,0,0,0,0,0,-4.895966999999999,1.1041629999999998
2014-05-01,24.931011,103.8,100.0,72.7,464.62405841409,89.7,0.0,0,0,0,0,1,0,0,0,0,0,0,0,-0.022580999999998852,-1.0824919999999985
2014-06-01,31.584964,103.6,100.2,72.7,470.940590677352,90.0,0.1073938,0,0,0,0,0,1,0,0,0,0,0,0,6.653952999999998,0.27339999999999876
2014-07-01,25.273056,103.5,99.9,72.9,461.650014101186,90.9,-0.1287343,0,0,0,0,0,0,1,0,0,0,0,0,-6.311907999999999,-0.5434869999999989
2014-08-01,24.567073,103.3,100.2,72.9,458.376886353271,90.4,0.2255754,0,0,0,0,0,0,0,1,0,0,0,0,-0.7059829999999998,0.20289799999999758
2014-09-01,30.609246,103.0,100.3,72.9,461.373089197312,91.2,-0.3215253,0,0,0,0,0,0,0,0,1,0,0,0,6.042172999999998,-0.369448000000002
2014-10-01,25.899356,102.3,100.4,72.9,461.70739337995,91.2,0.1505291,0,0,0,0,0,0,0,0,0,1,0,0,-4.709889999999998,0.5099400000000038
2014-11-01,28.907376,101.8,100.1,73.1,459.811470112576,91.5,-0.1503029,0,0,0,0,0,0,0,0,0,0,1,0,3.0080199999999984,0.6176199999999987
2014-12-01,41.590988,100.8,100.1,73.2,479.02620020656,92.9,0.05376041,-1,-1,-1,-1,-1,-1,-1,-1,-1,-1,-1,0,12.683612000000004,-0.9164189999999977
2015-01-01,23.446045,100.0,99.3,73.3,475.442652163547,92.3,0.2364187,1,0,0,0,0,0,0,0,0,0,0,0,-18.144943,-5.718484
2015-02-01,23.676821,100.3,99.5,73.3,494.915771910792,93.4,0.04288383,0,1,0,0,0,0,0,0,0,0,0,0,0.23077599999999876,5.473757999999997
2015-03-01,31.096343,100.6,99.7,73.3,532.261691034869,94.5,0.1821782,0,0,1,0,0,0,0,0,0,0,0,0,7.419522000000001,0.7275070000000028
2015-04-01,24.894511,100.7,99.9,73.2,481.497299717777,95.0,0.05348437,0,0,0,1,0,0,0,0,0,0,0,0,-6.201832,-1.3058650000000007
2015-05-01,25.478209,100.9,100.1,73.3,477.1486387601,95.4,-0.4917932,0,0,0,0,1,0,0,0,0,0,0,0,0.5836979999999983,0.6062789999999971
2015-06-01,32.11347,100.7,100.2,73.4,480.492268324311,95.5,0.4727358,0,0,0,0,0,1,0,0,0,0,0,0,6.635261,-0.018691999999997932
2015-07-01,25.769645,100.3,100.0,73.4,478.273901910048,95.3,-0.02138689,0,0,0,0,0,0,1,0,0,0,0,0,-6.343824999999999,-0.03191699999999997
2015-08-01,24.755923,99.8,100.3,73.6,472.911598959498,95.8,-0.03208719,0,0,0,0,0,0,0,1,0,0,0,0,-1.0137220000000013,-0.30773900000000154
2015-09-01,31.616004,99.6,100.2,73.8,470.615420346901,95.7,-0.1069916,0,0,0,0,0,0,0,0,1,0,0,0,6.860081000000001,0.8179080000000027
2015-10-01,26.154754,99.4,100.3,73.9,470.435345692261,96.5,0.06426374,0,0,0,0,0,0,0,0,0,1,0,0,-5.46125,-0.7513600000000018
2015-11-01,29.32747,99.1,100.3,74.0,469.497554780997,95.2,-0.1605562,0,0,0,0,0,0,0,0,0,0,1,0,3.172716000000001,0.16469600000000284
2015-12-01,41.116327,98.7,100.3,73.9,487.698773025694,94.8,0.3645126,-1,-1,-1,-1,-1,-1,-1,-1,-1,-1,-1,0,11.788856999999997,-0.8947550000000071
2016-01-01,24.014575,98.8,99.5,74.0,488.477932177252,95.3,-0.04272808,1,0,0,0,0,0,0,0,0,0,0,0,-17.101751999999998,1.0431910000000038
2016-02-01,24.069291,98.9,99.8,74.0,500.531349122575,94.8,-0.2137317,0,1,0,0,0,0,0,0,0,0,0,0,0.0547159999999991,-0.17605999999999966
2016-03-01,31.155055,99.2,100.2,74.0,544.29216084645,94.8,-0.05354738,0,0,1,0,0,0,0,0,0,0,0,0,7.085764000000001,-0.33375799999999956
2016-04-01,25.347679,99.3,100.2,74.2,495.955387817162,97.3,-0.1178674,0,0,0,1,0,0,0,0,0,0,0,0,-5.807376000000001,0.39445599999999814
2016-05-01,26.194317,99.4,100.4,74.2,488.513268304759,95.8,0.02145572,0,0,0,0,1,0,0,0,0,0,0,0,0.8466380000000022,0.26294000000000395
2016-06-01,32.398255,99.8,100.6,74.3,491.957643115499,94.9,0.03217667,0,0,0,0,0,1,0,0,0,0,0,0,6.203937999999997,-0.43132300000000257
2016-07-01,26.663283,100.3,100.6,74.3,490.556835779196,94.9,-0.8792128,0,0,0,0,0,0,1,0,0,0,0,0,-5.734971999999999,0.6088529999999999
2016-08-01,25.769112,100.5,100.9,74.3,482.872077540004,94.5,0.2055271,0,0,0,0,0,0,0,1,0,0,0,0,-0.894171,0.1195510000000013
2016-09-01,32.484251,100.7,101.1,74.3,482.501245809914,94.6,0.5397514,0,0,0,0,0,0,0,0,1,0,0,0,6.715139000000001,-0.14494200000000035
2016-10-01,27.772511,101.7,101.2,74.3,483.849516731701,92.5,-0.03221122,0,0,0,0,0,0,0,0,0,1,0,0,-4.711739999999999,0.7495100000000008
2016-11-01,31.034941,101.7,101.4,74.4,483.758808316626,94.0,-0.2792539,0,0,0,0,0,0,0,0,0,0,1,0,3.2624299999999984,0.08971399999999718
2016-12-01,43.943674,102.0,101.9,74.3,496.726807315137,96.0,0.1077061,-1,-1,-1,-1,-1,-1,-1,-1,-1,-1,-1,0,12.908733000000002,1.119876000000005
2017-01-01,24.445276,102.8,101.4,74.4,496.520186618358,95.1,-0.06455413,1,0,0,0,0,0,0,0,0,0,0,0,-19.498398,-2.396646000000004
2017-02-01,25.055438,103.1,102.1,74.6,512.497058912717,94.3,-0.09689375,0,1,0,0,0,0,0,0,0,0,0,0,0.610161999999999,0.5554459999999999
2017-03-01,32.249881,103.4,102.5,74.6,558.096779630236,93.5,0.03232924,0,0,1,0,0,0,0,0,0,0,0,0,7.194443000000003,0.10867900000000219
2017-04-01,27.40588,103.5,102.9,74.7,502.345313336939,93.9,0.0,0,0,0,1,0,0,0,0,0,0,0,0,-4.844001000000002,0.9633749999999992
2017-05-01,27.101832,103.5,103.3,74.9,498.731359785714,94.3,0.04309172,0,0,0,0,1,0,0,0,0,0,0,0,-0.3040479999999981,-1.1506860000000003
2017-06-01,34.096711,103.6,103.3,75.1,506.027036149815,94.3,-0.2907439,0,0,0,0,0,1,0,0,0,0,0,0,6.994878999999997,0.7909410000000001
2017-07-01,27.729684,103.8,103.2,74.9,498.713119394029,94.7,0.1619954,0,0,0,0,0,0,1,0,0,0,0,0,-6.367027,-0.6320550000000011
2017-08-01,27.184551,104.3,103.8,74.8,494.585399579023,94.9,-0.1078222,0,0,0,0,0,0,0,1,0,0,0,0,-0.5451329999999999,0.3490380000000002
2017-09-01,33.979255,104.8,104.1,74.8,496.758857254365,96.8,-0.02158772,0,0,0,0,0,0,0,0,1,0,0,0,6.794704000000003,0.07956500000000233
2017-10-01,28.607181,105.1,104.2,75.1,495.885816785769,97.2,0.09716573,0,0,0,0,0,0,0,0,0,1,0,0,-5.372074000000001,-0.6603340000000024
2017-11-01,32.384647,105.5,104.6,74.9,495.663343404508,97.6,-0.03235714,0,0,0,0,0,0,0,0,0,0,1,0,3.7774660000000004,0.515036000000002
2017-12-01,45.845891,105.8,104.9,75.1,512.636308376451,97.4,-0.02157841,-1,-1,-1,-1,-1,-1,-1,-1,-1,-1,-1,0,13.461244,0.5525109999999991
2018-01-01,25.464552,106.0,104.4,75.1,510.291012273997,98.7,0.03237459,1,0,0,0,0,0,0,0,0,0,0,0,-20.381339,-0.8829409999999989
2018-02-01,26.069594,106.0,104.9,75.3,524.331760252821,99.4,0.07551628,0,1,0,0,0,0,0,0,0,0,0,0,0.6050419999999974,-0.005120000000001568
2018-03-01,33.988333,106.2,105.0,75.3,572.496348189674,99.0,0.107799,0,0,1,0,0,0,0,0,0,0,0,0,7.918738999999999,0.7242959999999954
2018-04-01,27.441465,106.7,105.4,75.4,515.484696628674,98.5,-0.1722926,0,0,0,1,0,0,0,0,0,0,0,0,-6.546867999999996,-1.7028669999999941
2018-05-01,28.829564,107.6,105.8,75.3,511.009856682139,97.9,0.2912456,0,0,0,0,1,0,0,0,0,0,0,0,1.3880990000000004,1.6921469999999985
2018-06-01,35.627879,108.1,105.8,75.2,516.841500853158,100.1,-0.2366221,0,0,0,0,0,1,0,0,0,0,0,0,6.798314999999999,-0.19656399999999863
2018-07-01,29.218743,107.9,105.8,75.3,514.969946473066,98.7,0.2803076,0,0,0,0,0,0,1,0,0,0,0,0,-6.409136,-0.04210899999999995
2018-08-01,28.513168,108.3,106.5,75.3,511.729659668309,98.7,-0.1290111,0,0,0,0,0,0,0,1,0,0,0,0,-0.7055749999999996,-0.16044199999999975
2018-09-01,35.379548,108.8,106.6,75.4,510.791265319647,98.4,-0.1507074,0,0,0,0,0,0,0,0,1,0,0,0,6.8663799999999995,0.07167599999999652
2018-10-01,29.517486,109.2,106.7,75.5,517.21229959572,97.6,0.0,0,0,0,0,0,0,0,0,0,1,0,0,-5.862061999999998,-0.48998799999999676
2018-11-01,33.698264,109.0,107.0,75.5,512.42629609447,96.5,-0.1185917,0,0,0,0,0,0,0,0,0,0,1,0,4.180778,0.40331199999999967
2018-12-01,46.953766,108.4,107.1,75.8,529.588184969991,96.1,-0.1187325,-1,-1,-1,-1,-1,-1,-1,-1,-1,-1,-1,0,13.255502,-0.20574200000000076
2019-01-01,26.443332,108.3,106.3,75.8,530.814102386522,97.4,-0.2269405,1,0,0,0,0,0,0,0,0,0,0,0,-20.510434,-0.12909499999999952
2019-02-01,27.198464,108.5,106.8,75.7,541.154478486198,98.0,0.05415637,0,1,0,0,0,0,0,0,0,0,0,0,0.7551319999999997,0.15009000000000228
2019-03-01,35.525187,108.7,107.0,75.8,587.775399821127,99.0,-0.09742869,0,0,1,0,0,0,0,0,0,0,0,0,8.326723000000001,0.40798400000000257
2019-04-01,29.359418,109.2,107.6,75.7,534.266364005685,97.3,0.06501581,0,0,0,1,0,0,0,0,0,0,0,0,-6.165769000000001,0.3810989999999954
2019-05-01,29.400306,109.7,107.9,75.8,531.623957503934,98.6,0.30321,0,0,0,0,1,0,0,0,0,0,0,0,0.040887999999998925,-1.3472110000000015
2019-06-01,37.072581,109.5,107.9,75.8,536.610748650777,99.1,-0.2375162,0,0,0,0,0,1,0,0,0,0,0,0,7.672274999999999,0.8739600000000003
2019-07-01,30.432892,109.9,107.9,75.5,534.99212771988,100.0,0.3895883,0,0,0,0,0,0,1,0,0,0,0,0,-6.639689000000001,-0.23055300000000045
2019-08-01,29.346387,109.8,108.4,75.7,527.122487713918,99.5,-0.4850954,0,0,0,0,0,0,0,1,0,0,0,0,-1.086504999999999,-0.3809299999999993
2019-09-01,36.504277,109.7,108.5,75.8,531.107512444585,101.3,0.1733191,0,0,0,0,0,0,0,0,1,0,0,0,7.157890000000002,0.2915100000000024
2019-10-01,30.430341,109.4,108.3,76.0,529.832079093646,102.7,-0.08650964,0,0,0,0,0,0,0,0,0,1,0,0,-6.073936000000003,-0.21187400000000522
2019-11-01,33.556548,109.0,108.5,76.1,529.511979910023,103.0,0.1948152,0,0,0,0,0,0,0,0,0,0,1,0,3.126207000000001,-1.0545709999999993
2019-12-01,48.469087,109.0,108.5,76.1,543.767745366153,104.1,0.1836344,-1,-1,-1,-1,-1,-1,-1,-1,-1,-1,-1,0,14.912539000000002,1.6570370000000025
2020-01-01,34.28993,109.2,108.2,76.2,548.905381992095,105.8,0.06469334,1,0,0,0,0,0,0,0,0,0,0,1,-14.179157000000004,6.3312769999999965
2020-02-01,27.779994,109.0,108.6,75.9,554.006053359299,107.5,0.03232576,0,1,0,0,0,0,0,0,0,0,0,0,-6.509936,-7.265067999999999
2020-03-01,34.5256,108.5,108.6,75.6,593.281424545494,99.3,-0.2154354,0,0,1,0,0,0,0,0,0,0,0,0,6.745605999999999,-1.5811170000000025
2020-04-01,23.881514,107.3,108.5,75.5,528.796071202921,84.1,-1.565279,0,0,0,1,0,0,0,0,0,0,0,0,-10.644085999999998,-4.478316999999997
2020-05-01,26.844512,107.2,108.5,75.3,525.292478816955,90.6,-0.1096669,0,0,0,0,1,0,0,0,0,0,0,0,2.9629980000000025,2.9221100000000035
2020-06-01,37.684564,107.7,108.6,75.2,528.079713496613,100.2,0.2964256,0,0,0,0,0,1,0,0,0,0,0,0,10.840052,3.167777000000001
2020-07-01,31.303991,108.0,109.1,74.9,533.77820157657,104.9,0.4816363,0,0,0,0,0,0,1,0,0,0,0,0,-6.380573000000002,0.2591159999999988
2020-08-01,30.591664,107.9,108.6,74.5,537.855047871717,107.2,0.0,0,0,0,0,0,0,0,1,0,0,0,0,-0.7123269999999984,0.37417800000000057
2020-09-01,38.567168,107.8,109.1,74.4,544.986389744597,107.5,-0.1416195,0,0,0,0,0,0,0,0,1,0,0,0,7.975504000000001,0.817613999999999
2020-10-01,33.047191,107.9,109.1,74.5,550.660624479152,107.3,-0.2727315,0,0,0,0,0,0,0,0,0,1,0,0,-5.519977000000004,0.553958999999999
2020-11-01,36.016142,108.3,108.9,74.2,556.924535667952,107.6,-0.2406601,0,0,0,0,0,0,0,0,0,0,1,0,2.968951000000004,-0.15725599999999673
2020-12-01,48.386188,108.7,109.2,74.1,574.476058705264,105.8,0.7017909,-1,-1,-1,-1,-1,-1,-1,-1,-1,-1,-1,0,12.370045999999995,-2.5424930000000074
2021-01-01,26.812452,109.5,109.0,74.3,573.002347409648,102.4,-0.2504485,1,0,0,0,0,0,0,0,0,0,0,0,-21.573735999999997,-7.394578999999993
2021-02-01,27.574679,110.2,109.1,74.2,577.392512969555,101.5,0.5731112,0,1,0,0,0,0,0,0,0,0,0,0,0.7622269999999993,7.272162999999999
2021-03-01,37.642111,110.6,109.4,74.3,619.31035962314,101.0,0.8954713,0,0,1,0,0,0,0,0,0,0,0,0,10.067432,3.3218260000000015
2021-04-01,32.226227,111.1,110.1,74.3,575.784024001124,99.6,0.1075787,0,0,0,1,0,0,0,0,0,0,0,0,-5.415883999999998,5.228202
2021-05-01,32.562681,111.9,110.8,74.6,573.118332543006,99.5,0.5104494,0,0,0,0,1,0,0,0,0,0,0,0,0.33645399999999626,-2.626544000000006
2021-06-01,40.935584,112.7,111.3,74.7,574.647000261892,97.9,0.02672932,0,0,0,0,0,1,0,0,0,0,0,0,8.372903,-2.467148999999999
2021-07-01,32.180712,113.8,111.3,74.8,572.064346683102,96.9,0.08016653,0,0,0,0,0,0,1,0,0,0,0,0,-8.754871999999999,-2.374298999999997
2021-08-01,31.222871,114.6,112.1,74.9,568.769108960996,97.0,-0.1335039,0,0,0,0,0,0,0,1,0,0,0,0,-0.9578409999999984,-0.245514
2021-09-01,38.740094,115.4,112.4,74.9,569.506043081744,95.9,-0.6149387,0,0,0,0,0,0,0,0,1,0,0,0,7.517222999999998,-0.45828100000000305
2021-10-01,33.348535,117.3,113.6,75.0,573.95848739667,95.1,-0.5111361,0,0,0,0,0,0,0,0,0,1,0,0,-5.391559000000001,0.12841800000000347
2021-11-01,37.841782,118.4,114.5,75.0,575.780481463086,96.6,0.243361,0,0,0,0,0,0,0,0,0,0,1,0,4.493247000000004,1.5242959999999997
2021-12-01,50.233291,119.0,115.1,75.0,609.389377451456,96.8,-0.08092339,-1,-1,-1,-1,-1,-1,-1,-1,-1,-1,-1,0,12.391509,0.02146300000000423
2022-01-01,30.147821,120.7,114.9,75.0,603.123542423043,96.4,-0.4319409,1,0,0,0,0,0,0,0,0,0,0,0,-20.08547,1.4882659999999959
2022-02-01,30.521049,121.9,115.8,75.1,606.607519601292,96.1,-0.894743,0,1,0,0,0,0,0,0,0,0,0,0,0.373228000000001,-0.3889989999999983
2022-03-01,39.789372,125.7,117.1,75.2,684.331854122228,95.8,-0.5745224,0,0,1,0,0,0,0,0,0,0,0,0,9.268322999999999,-0.7991090000000014
2022-04-01,32.904558,129.4,120.0,75.4,604.127590958258,95.7,-0.7704563,0,0,0,1,0,0,0,0,0,0,0,0,-6.884813999999999,-1.4689300000000003
2022-05-01,33.016436,131.6,120.8,75.0,596.967493451988,95.9,-0.1663797,0,0,0,0,1,0,0,0,0,0,0,0,0.11187799999999726,-0.224575999999999
2022-06-01,41.344771,134.5,121.8,74.9,611.881600376251,95.0,-0.1388808,0,0,0,0,0,1,0,0,0,0,0,0,8.328335000000003,-0.044567999999998165
2022-07-01,33.871308,136.2,122.5,75.0,605.183938659508,94.5,0.08344436,0,0,0,0,0,0,1,0,0,0,0,0,-7.473463000000002,1.2814089999999965
2022-08-01,32.263355,136.2,123.1,75.0,603.603280299276,94.0,-0.3890823,0,0,0,0,0,0,0,1,0,0,0,0,-1.607953000000002,-0.6501120000000036
2022-09-01,39.950784,136.2,123.8,75.0,609.522099667522,93.8,-0.558003,0,0,0,0,0,0,0,0,1,0,0,0,7.687429000000002,0.17020600000000385
2022-10-01,34.509291,137.5,126.2,75.2,610.95014499921,94.2,0.2805671,0,0,0,0,0,0,0,0,0,1,0,0,-5.441493000000001,-0.04993400000000037
2022-11-01,38.796467,137.2,126.7,75.2,622.409328359062,94.0,0.4196731,0,0,0,0,0,0,0,0,0,0,1,0,4.287176000000002,-0.20607100000000145
2022-12-01,52.459402,136.1,127.2,75.2,643.802195603185,94.1,0.1393064,-1,-1,-1,-1,-1,-1,-1,-1,-1,-1,-1,0,13.662934999999997,1.2714259999999982
2023-01-01,31.063933,136.7,126.4,75.2,637.913730817468,94.0,-0.2225802,1,0,0,0,0,0,0,0,0,0,0,0,-21.395469,-1.3099989999999977
2023-02-01,32.324215,136.2,127.9,75.3,648.436267982161,94.1,0.7807686,0,1,0,0,0,0,0,0,0,0,0,0,1.2602820000000037,0.8870540000000027
2023-03-01,41.81659,136.2,128.9,75.4,722.480590062195,94.7,0.1106743,0,0,1,0,0,0,0,0,0,0,0,0,9.492374999999996,0.2240519999999968
2023-04-01,34.833305,136.0,130.4,75.5,651.674438718126,94.8,0.6633114,0,0,0,1,0,0,0,0,0,0,0,0,-6.983284999999995,-0.09847099999999642
2023-05-01,35.483102,135.2,131.3,75.2,644.394442007646,93.9,0.384382,0,0,0,0,1,0,0,0,0,0,0,0,0.6497969999999995,0.5379190000000023
2023-06-01,44.152784,135.2,131.5,74.9,672.477865208321,96.4,0.4376116,0,0,0,0,0,1,0,0,0,0,0,0,8.669681999999995,0.34134699999999185
2023-07-01,35.321558,135.5,130.9,74.7,654.652850346579,95.4,-0.7080205,0,0,0,0,0,0,1,0,0,0,0,0,-8.831225999999994,-1.3577629999999914
2023-08-01,34.321259,135.9,131.3,74.8,647.18795160557,95.0,0.5485148,0,0,0,0,0,0,0,1,0,0,0,0,-1.0002990000000054,0.6076539999999966
2023-09-01,42.101775,136.6,132.0,75.1,656.049839039612,94.8,0.3545896,0,0,0,0,0,0,0,0,1,0,0,0,7.780516000000006,0.09308700000000414
2023-10-01,35.905009,136.9,132.0,75.0,647.39936403836,93.5,-0.9241114,0,0,0,0,0,0,0,0,0,1,0,0,-6.196766000000004,-0.7552730000000025
2023-11-01,40.92664,136.9,131.7,75.0,656.026057032014,94.0,0.6583983,0,0,0,0,0,0,0,0,0,0,1,0,5.021630999999999,0.734454999999997
2023-12-01,53.047297,136.3,132.2,74.8,681.460408170553,94.6,0.1362691,-1,-1,-1,-1,-1,-1,-1,-1,-1,-1,-1,0,12.120657000000001,-1.542277999999996
2024-01-01,32.321233,136.4,131.5,74.5,672.608912629002,94.1,0.2993841,1,0,0,0,0,0,0,0,0,0,0,0,-20.726064,0.6694049999999976
2024-02-01,33.29949,136.8,132.3,74.5,684.766477917927,95.0,-0.2713549,0,1,0,0,0,0,0,0,0,0,0,0,0.9782569999999993,-0.2820250000000044
2024-03-01,43.527362,137.2,133.0,74.3,767.762744877349,95.2,0.05441866,0,0,1,0,0,0,0,0,0,0,0,0,10.227871999999998,0.7354970000000023
2024-04-01,33.984989,137.5,133.5,74.4,686.303385888122,94.4,0.1631672,0,0,0,1,0,0,0,0,0,0,0,0,-9.542372999999998,-2.5590880000000027
